{
  "H": [
    103.0,
    1,
    31.0,
    217.998,
    4.50711,
    13.598434005136,
    0.0,
    1,
    2.2,
    1,
    1
  ],
  "He": [
    1.0,
    0,
    28.000000000000004,
    188,
    1.38375,
    24.587387936,
    0.0,
    18,
    1,
    1,
    2
  ],
  "Li": [
    12.0,
    1,
    128.0,
    159.3,
    164.1125,
    5.391714761,
    0.9,
    1,
    0.98,
    2,
    3
  ],
  "Be": [
    77.0,
    0,
    96.0,
    324.0,
    37.74,
    9.322699,
    0.59,
    2,
    1.57,
    2,
    4
  ],
  "B": [
    86.0,
    1,
    84.0,
    565.0,
    20.5,
    8.298019,
    0.41,
    13,
    2.04,
    2,
    5
  ],
  "C": [
    95.0,
    2,
    73.0,
    716.87,
    11.3,
    11.260296,
    0.3,
    14,
    2.55,
    2,
    6
  ],
  "N": [
    100.0,
    3,
    71.0,
    472.44,
    7.4,
    14.53413,
    0.63,
    15,
    3.04,
    2,
    7
  ],
  "O": [
    101.0,
    2,
    66.0,
    249.229,
    5.3,
    13.618054,
    1.26,
    16,
    3.44,
    2,
    8
  ],
  "F": [
    102.0,
    1,
    56.99999999999999,
    79.335,
    3.74,
    17.42282,
    0.705,
    17,
    3.98,
    2,
    9
  ],
  "Ne": [
    2.0,
    0,
    57.99999999999999,
    90,
    2.6611,
    21.56454,
    0.0,
    18,
    1,
    2,
    10
  ],
  "Na": [
    11.0,
    1,
    166.0,
    107.5,
    162.7,
    5.1390767,
    1.16,
    1,
    0.93,
    3,
    11
  ],
  "Mg": [
    73.0,
    0,
    141.0,
    147.1,
    71.2,
    7.646235,
    0.86,
    2,
    1.31,
    3,
    12
  ],
  "Al": [
    80.0,
    1,
    121.0,
    330.9,
    57.8,
    5.9857684,
    0.675,
    13,
    1.61,
    3,
    13
  ],
  "Si": [
    85.0,
    2,
    111.00000000000001,
    450.0,
    37.3,
    8.151683,
    0.54,
    14,
    1.9,
    3,
    14
  ],
  "P": [
    90.0,
    3,
    107.0,
    316.5,
    25.0,
    10.486686,
    0.55,
    15,
    2.19,
    3,
    15
  ],
  "S": [
    94.0,
    2,
    105.0,
    277.17,
    19.4,
    10.36001,
    0.88,
    16,
    2.58,
    3,
    16
  ],
  "Cl": [
    99.0,
    1,
    102.0,
    121.302,
    14.6,
    12.96763,
    0.7799999999999999,
    17,
    3.16,
    3,
    17
  ],
  "Ar": [
    3.0,
    0,
    106.0,
    105,
    11.083,
    15.7596112,
    0.0,
    18,
    3,
    3,
    18
  ],
  "K": [
    10.0,
    1,
    202.99999999999997,
    89.0,
    289.7,
    4.34066354,
    1.52,
    1,
    0.82,
    4,
    19
  ],
  "Ca": [
    16.0,
    0,
    176.0,
    177.8,
    160.8,
    6.1131552,
    1.14,
    2,
    1.0,
    4,
    20
  ],
  "Sc": [
    19.0,
    1,
    170.0,
    377.8,
    97.0,
    6.56149,
    0.885,
    3,
    1.36,
    4,
    21
  ],
  "Ti": [
    51.0,
    2,
    160.0,
    473.0,
    100.0,
    6.82812,
    0.8516666666666667,
    4,
    1.54,
    4,
    22
  ],
  "V": [
    54.0,
    3,
    153.0,
    515.5,
    87.0,
    6.746187,
    0.7775,
    5,
    1.63,
    4,
    23
  ],
  "Cr": [
    57.0,
    6,
    139.0,
    397.48,
    83.0,
    6.76651,
    0.94,
    6,
    1.66,
    4,
    24
  ],
  "Mn": [
    60.0,
    5,
    150.0,
    283.3,
    68.0,
    7.434018,
    0.6483333333333333,
    7,
    1.55,
    4,
    25
  ],
  "Fe": [
    61.0,
    4,
    142.0,
    415.5,
    62.0,
    7.9024678,
    0.8525,
    8,
    1.83,
    4,
    26
  ],
  "Co": [
    64.0,
    3,
    138.0,
    426.7,
    55.0,
    7.88101,
    0.7683333333333334,
    9,
    1.88,
    4,
    27
  ],
  "Ni": [
    67.0,
    2,
    124.0,
    430.1,
    49.0,
    7.639877,
    0.74,
    10,
    1.91,
    4,
    28
  ],
  "Cu": [
    72.0,
    1,
    132.0,
    337.4,
    46.5,
    7.72638,
    0.82,
    11,
    1.9,
    4,
    29
  ],
  "Zn": [
    76.0,
    0,
    122.0,
    130.4,
    38.67,
    9.394199,
    0.88,
    12,
    1.65,
    4,
    30
  ],
  "Ga": [
    81.0,
    1,
    122.0,
    271.96,
    50.0,
    5.9993018,
    0.76,
    13,
    1.81,
    4,
    31
  ],
  "Ge": [
    84.0,
    2,
    120.0,
    372.0,
    40.0,
    7.899435,
    0.77,
    14,
    2.01,
    4,
    32
  ],
  "As": [
    89.0,
    3,
    119.0,
    302.5,
    30.0,
    9.789,
    0.6599999999999999,
    15,
    2.18,
    4,
    33
  ],
  "Se": [
    93.0,
    2,
    120.0,
    227.2,
    28.9,
    9.752392,
    1.0133333333333334,
    16,
    2.55,
    4,
    34
  ],
  "Br": [
    98.0,
    1,
    120.0,
    111.85,
    21.0,
    11.81381,
    0.8825000000000001,
    17,
    2.96,
    4,
    35
  ],
  "Kr": [
    4.0,
    0,
    115.99999999999999,
    100,
    16.78,
    13.9996049,
    0.0,
    18,
    3.0,
    4,
    36
  ],
  "Rb": [
    9.0,
    1,
    220.00000000000003,
    80.9,
    319.8,
    4.177128,
    1.66,
    1,
    0.82,
    5,
    37
  ],
  "Sr": [
    15.0,
    0,
    195.0,
    164.0,
    197.2,
    5.6948672,
    1.32,
    2,
    0.95,
    5,
    38
  ],
  "Y": [
    25.0,
    1,
    190.0,
    424.7,
    162.0,
    6.21726,
    1.04,
    3,
    1.22,
    5,
    39
  ],
  "Zr": [
    49.0,
    2,
    175.0,
    610.0,
    112.0,
    6.6339,
    0.86,
    4,
    1.33,
    5,
    40
  ],
  "Nb": [
    53.0,
    5,
    164.0,
    733.0,
    98.0,
    6.75885,
    0.82,
    5,
    1.6,
    5,
    41
  ],
  "Mo": [
    56.0,
    6,
    154.0,
    658.98,
    87.0,
    7.09243,
    0.775,
    6,
    2.16,
    5,
    42
  ],
  "Tc": [
    59.0,
    5,
    147.0,
    678.0,
    79.0,
    7.119381,
    0.7416666666666666,
    7,
    1.9,
    5,
    43
  ],
  "Ru": [
    62.0,
    4,
    146.0,
    650.6,
    72.0,
    7.3605,
    0.661,
    8,
    2.2,
    5,
    44
  ],
  "Rh": [
    65.0,
    3,
    142.0,
    556.0,
    66.0,
    7.4589,
    0.745,
    9,
    2.28,
    5,
    45
  ],
  "Pd": [
    69.0,
    0,
    139.0,
    376.6,
    26.14,
    8.33686,
    0.84625,
    10,
    2.2,
    5,
    46
  ],
  "Ag": [
    71.0,
    1,
    145.0,
    284.9,
    55.0,
    7.576234,
    1.0866666666666667,
    11,
    1.93,
    5,
    47
  ],
  "Cd": [
    75.0,
    0,
    144.0,
    111.8,
    46.0,
    8.993822,
    1.09,
    12,
    1.69,
    5,
    48
  ],
  "In": [
    79.0,
    1,
    142.0,
    243.0,
    65.0,
    5.7863552,
    0.94,
    13,
    1.78,
    5,
    49
  ],
  "Sn": [
    83.0,
    2,
    139.0,
    301.2,
    53.0,
    7.343917,
    0.83,
    14,
    1.96,
    5,
    50
  ],
  "Sb": [
    88.0,
    3,
    139.0,
    264.4,
    43.0,
    8.608389,
    0.8300000000000001,
    15,
    2.05,
    5,
    51
  ],
  "Te": [
    92.0,
    2,
    138.0,
    196.6,
    38.0,
    9.00966,
    1.2933333333333332,
    16,
    2.1,
    5,
    52
  ],
  "I": [
    97.0,
    1,
    139.0,
    106.757,
    32.9,
    10.45126,
    1.2733333333333334,
    17,
    2.66,
    5,
    53
  ],
  "Xe": [
    5.0,
    0,
    140.0,
    90,
    27.32,
    12.1298431,
    0.62,
    18,
    2.6,
    5,
    54
  ],
  "Cs": [
    8.0,
    1,
    244.0,
    76.5,
    400.9,
    3.893905548,
    1.81,
    1,
    0.79,
    6,
    55
  ],
  "Ba": [
    14.0,
    0,
    215.0,
    179.1,
    272.0,
    5.211664,
    1.49,
    2,
    0.89,
    6,
    56
  ],
  "La": [
    33.0,
    1,
    206.99999999999997,
    431.0,
    215.0,
    5.5769,
    1.172,
    3,
    1.1,
    8,
    57
  ],
  "Ce": [
    32.0,
    2,
    204.0,
    420.1,
    205.0,
    5.5386,
    1.08,
    4,
    1.12,
    8,
    58
  ],
  "Pr": [
    31.0,
    3,
    202.99999999999997,
    356.9,
    216.0,
    5.473,
    1.06,
    5,
    1.13,
    8,
    59
  ],
  "Nd": [
    30.0,
    4,
    200.99999999999997,
    326.9,
    208.0,
    5.525,
    1.2765,
    6,
    1.14,
    8,
    60
  ],
  "Pm": [
    29.0,
    5,
    199.0,
    266,
    200.0,
    5.582,
    1.11,
    7,
    1.13,
    8,
    61
  ],
  "Sm": [
    28.0,
    6,
    198.0,
    206.7,
    192.0,
    5.64371,
    1.229,
    8,
    1.17,
    8,
    62
  ],
  "Eu": [
    18.0,
    7,
    198.0,
    177.4,
    184.0,
    5.670385,
    1.1985000000000001,
    9,
    1.2,
    8,
    63
  ],
  "Gd": [
    27.0,
    8,
    196.0,
    397.5,
    158.0,
    6.149796,
    1.075,
    10,
    1.2,
    8,
    64
  ],